Model,Scenario,Measure,mean,std,median,min,max,count
A,Hamlet,score,28.416666666666668,7.1281558667446445,27.5,12.0,37.0,12
A,Venice,score,26.416666666666668,7.7630632816660405,26.5,12.0,39.0,12
B,Hamlet,score,36.75,3.048844788678909,36.5,33.0,42.0,12
B,Venice,score,33.333333333333336,6.3293448366008676,34.0,19.0,42.0,12
