LabelType,AverageEngagementRatio
A,1.440002866172568
B,1.8195983082177094
