LabelType,AverageEngagement
A,0.9951718413090225
B,1.0046976679155455
