LabelType,AverageResponseLength
A,47.19444444444444
B,47.646191646191646
